delivery_id,order_id,delivery_status,delivery_time,rider_id
1,1,Delivered,02:19:13,75
2,2,Delivered,04:47:00,133
3,3,Cancelled,,125
4,4,Cancelled,,190
5,5,Delivered,03:46:51,149
6,6,Delivered,15:57:39,113
7,7,Delivered,22:26:49,24
8,8,Delivered,04:25:10,14
9,9,Cancelled,,65
10,10,Delivered,04:13:10,162
11,11,Delivered,23:53:32,11
12,12,Delivered,16:38:03,58
13,13,Delivered,13:23:59,148
14,14,Delivered,15:39:33,39
15,15,Delivered,17:14:12,52
16,16,Cancelled,,172
17,17,Delivered,12:54:10,60
18,18,Delivered,21:57:14,18
19,19,Delivered,18:27:16,159
20,20,Delivered,19:13:05,78
21,21,Cancelled,,142
22,22,Delivered,21:56:39,6
23,23,Cancelled,,20
24,24,Delivered,02:09:58,103
25,25,Delivered,10:19:10,143
26,26,Delivered,17:10:27,149
27,27,Delivered,16:18:37,78
28,28,Delivered,00:18:44,137
29,29,Cancelled,,177
30,30,Delivered,21:13:32,196
31,31,Delivered,12:28:33,64
32,32,Delivered,23:12:07,12
33,33,Delivered,09:45:46,111
34,34,Delivered,16:40:54,101
35,35,Delivered,16:35:30,116
36,36,Cancelled,,75
37,37,Delivered,13:16:33,181
38,38,Cancelled,,75
39,39,Delivered,07:44:27,166
40,40,Cancelled,,88
41,41,Delivered,15:45:56,187
42,42,Delivered,16:03:47,50
43,43,Delivered,20:43:08,185
44,44,Delivered,05:11:15,175
45,45,Delivered,20:18:19,27
46,46,Delivered,09:56:46,97
47,47,Delivered,06:51:10,90
48,48,Cancelled,,107
49,49,Delivered,11:25:39,40
50,50,Delivered,08:50:26,35
51,51,Delivered,19:38:05,89
52,52,Cancelled,,80
53,53,Cancelled,,11
54,54,Cancelled,,45
55,55,Delivered,08:02:57,22
56,56,Delivered,02:13:23,144
57,57,Delivered,01:33:30,50
58,58,Delivered,17:10:40,129
59,59,Delivered,23:22:17,154
60,60,Cancelled,,117
61,61,Cancelled,,95
62,62,Delivered,12:41:52,119
63,63,Delivered,12:54:18,141
64,64,Delivered,05:51:32,110
65,65,Cancelled,,116
66,66,Delivered,21:49:56,125
67,67,Delivered,06:36:09,93
68,68,Delivered,07:35:35,100
69,69,Delivered,22:12:02,163
70,70,Cancelled,,3
71,71,Cancelled,,150
72,72,Delivered,02:48:19,132
73,73,Delivered,07:38:42,3
74,74,Delivered,13:14:25,166
75,75,Delivered,15:08:26,185
76,76,Delivered,08:36:58,48
77,77,Delivered,22:05:18,25
78,78,Delivered,09:26:54,121
79,79,Delivered,11:09:35,155
80,80,Cancelled,,59
81,81,Delivered,21:29:22,182
82,82,Cancelled,,33
83,83,Delivered,13:30:11,54
84,84,Cancelled,,9
85,85,Cancelled,,61
86,86,Delivered,20:05:08,148
87,87,Delivered,01:37:04,60
88,88,Cancelled,,98
89,89,Cancelled,,178
90,90,Cancelled,,112
91,91,Delivered,10:32:34,72
92,92,Delivered,18:09:45,63
93,93,Delivered,17:54:16,9
94,94,Delivered,22:54:16,66
95,95,Delivered,20:55:50,145
96,96,Delivered,10:29:13,15
97,97,Delivered,21:32:38,90
98,98,Delivered,15:50:57,169
99,99,Cancelled,,129
100,100,Delivered,06:00:50,60
101,101,Delivered,02:55:16,45
102,102,Delivered,09:09:18,145
103,103,Delivered,04:36:02,136
104,104,Cancelled,,159
105,105,Delivered,10:14:16,196
106,106,Delivered,11:59:08,162
107,107,Cancelled,,181
108,108,Delivered,21:33:30,193
109,109,Delivered,12:52:17,111
110,110,Delivered,00:43:42,125
111,111,Delivered,20:26:24,133
112,112,Delivered,19:50:29,111
113,113,Delivered,09:55:02,125
114,114,Cancelled,,170
115,115,Delivered,22:09:01,123
116,116,Cancelled,,77
117,117,Cancelled,,130
118,118,Delivered,11:01:26,142
119,119,Delivered,09:06:36,191
120,120,Delivered,16:03:49,69
121,121,Delivered,07:59:30,23
122,122,Delivered,12:46:54,33
123,123,Delivered,11:19:11,153
124,124,Delivered,16:44:24,30
125,125,Cancelled,,149
126,126,Cancelled,,133
127,127,Delivered,07:14:20,175
128,128,Delivered,06:15:14,9
129,129,Delivered,04:02:38,55
130,130,Delivered,04:08:55,151
131,131,Cancelled,,19
132,132,Delivered,02:22:21,105
133,133,Cancelled,,97
134,134,Delivered,20:41:33,121
135,135,Delivered,16:33:21,184
136,136,Delivered,06:36:50,48
137,137,Delivered,21:41:13,39
138,138,Cancelled,,63
139,139,Delivered,16:44:32,60
140,140,Delivered,02:31:44,76
141,141,Delivered,17:11:07,177
142,142,Delivered,08:18:53,19
143,143,Delivered,06:54:10,56
144,144,Delivered,01:04:27,85
145,145,Delivered,06:27:04,128
146,146,Cancelled,,75
147,147,Cancelled,,177
148,148,Cancelled,,68
149,149,Cancelled,,181
150,150,Delivered,02:47:16,5
151,151,Delivered,10:43:50,47
152,152,Delivered,10:16:08,195
153,153,Delivered,22:28:22,178
154,154,Delivered,19:59:47,38
155,155,Delivered,16:15:20,90
156,156,Cancelled,,123
157,157,Cancelled,,135
158,158,Delivered,03:19:20,174
159,159,Delivered,22:50:34,131
160,160,Delivered,19:44:05,193
161,161,Cancelled,,118
162,162,Cancelled,,49
163,163,Delivered,09:35:46,164
164,164,Cancelled,,72
165,165,Cancelled,,185
166,166,Cancelled,,73
167,167,Delivered,18:38:44,89
168,168,Delivered,11:42:45,46
169,169,Cancelled,,45
170,170,Delivered,10:40:16,63
171,171,Delivered,14:03:35,78
172,172,Cancelled,,167
173,173,Delivered,09:25:18,189
174,174,Cancelled,,159
175,175,Cancelled,,147
176,176,Cancelled,,131
177,177,Delivered,05:03:34,161
178,178,Delivered,09:25:27,190
179,179,Delivered,19:52:38,136
180,180,Cancelled,,56
181,181,Cancelled,,1
182,182,Delivered,21:03:25,81
183,183,Delivered,01:27:27,155
184,184,Delivered,07:24:45,152
185,185,Delivered,03:28:48,17
186,186,Delivered,17:27:40,4
187,187,Delivered,08:58:55,71
188,188,Delivered,11:51:43,196
189,189,Delivered,11:00:52,124
190,190,Delivered,00:26:11,52
191,191,Cancelled,,40
192,192,Cancelled,,64
193,193,Delivered,07:19:16,59
194,194,Cancelled,,139
195,195,Delivered,01:00:31,154
196,196,Delivered,11:19:16,73
197,197,Delivered,14:40:22,54
198,198,Cancelled,,151
199,199,Delivered,01:20:38,45
200,200,Cancelled,,123
201,201,Delivered,11:57:35,27
202,202,Cancelled,,137
203,203,Delivered,04:01:29,167
204,204,Cancelled,,169
205,205,Cancelled,,122
206,206,Delivered,06:49:51,139
207,207,Delivered,07:09:02,147
208,208,Delivered,14:21:35,127
209,209,Delivered,01:12:52,29
210,210,Cancelled,,41
211,211,Cancelled,,200
212,212,Delivered,23:52:40,101
213,213,Delivered,10:29:30,52
214,214,Delivered,09:04:23,193
215,215,Cancelled,,28
216,216,Cancelled,,79
217,217,Cancelled,,11
218,218,Delivered,09:35:51,177
219,219,Delivered,19:49:17,173
220,220,Delivered,10:56:17,63
221,221,Cancelled,,177
222,222,Cancelled,,131
223,223,Cancelled,,47
224,224,Cancelled,,6
225,225,Delivered,07:29:38,63
226,226,Delivered,08:52:44,191
227,227,Cancelled,,55
228,228,Delivered,09:00:18,71
229,229,Delivered,13:46:07,71
230,230,Delivered,17:36:32,192
231,231,Cancelled,,52
232,232,Delivered,20:14:37,88
233,233,Delivered,06:56:05,169
234,234,Cancelled,,99
235,235,Cancelled,,148
236,236,Cancelled,,97
237,237,Delivered,04:39:13,58
238,238,Delivered,06:17:50,6
239,239,Delivered,22:50:54,42
240,240,Delivered,19:59:07,188
241,241,Cancelled,,38
242,242,Delivered,07:42:11,97
243,243,Delivered,21:51:56,134
244,244,Cancelled,,48
245,245,Cancelled,,199
246,246,Cancelled,,49
247,247,Delivered,05:09:10,93
248,248,Delivered,10:10:17,69
249,249,Cancelled,,169
250,250,Delivered,13:21:45,169
251,251,Cancelled,,9
252,252,Cancelled,,91
253,253,Delivered,18:59:58,73
254,254,Cancelled,,31
255,255,Delivered,04:23:26,13
256,256,Delivered,00:17:51,178
257,257,Delivered,14:09:48,176
258,258,Delivered,13:24:24,115
259,259,Delivered,18:42:39,95
260,260,Cancelled,,193
261,261,Delivered,22:25:06,151
262,262,Delivered,21:54:49,192
263,263,Cancelled,,169
264,264,Delivered,22:41:00,29
265,265,Delivered,10:45:10,8
266,266,Delivered,23:54:41,50
267,267,Delivered,09:41:37,68
268,268,Cancelled,,36
269,269,Delivered,01:48:57,25
270,270,Delivered,19:21:45,71
271,271,Delivered,18:26:20,49
272,272,Cancelled,,94
273,273,Delivered,02:50:29,64
274,274,Cancelled,,13
275,275,Delivered,01:22:33,87
276,276,Cancelled,,25
277,277,Delivered,06:28:51,62
278,278,Delivered,02:30:36,167
279,279,Delivered,02:22:02,185
280,280,Delivered,07:00:18,127
281,281,Delivered,00:15:29,71
282,282,Cancelled,,161
283,283,Delivered,17:59:07,34
284,284,Delivered,20:32:07,103
285,285,Cancelled,,46
286,286,Delivered,20:29:10,77
287,287,Cancelled,,121
288,288,Delivered,17:54:49,2
289,289,Cancelled,,177
290,290,Cancelled,,102
291,291,Cancelled,,45
292,292,Cancelled,,69
293,293,Cancelled,,199
294,294,Delivered,10:26:58,43
295,295,Cancelled,,120
296,296,Delivered,10:18:21,51
297,297,Cancelled,,137
298,298,Cancelled,,101
299,299,Cancelled,,47
300,300,Cancelled,,3
301,301,Delivered,15:19:55,28
302,302,Delivered,02:29:50,158
303,303,Delivered,01:37:34,112
304,304,Delivered,20:14:18,100
305,305,Delivered,05:53:45,69
306,306,Delivered,22:31:14,32
307,307,Cancelled,,184
308,308,Cancelled,,137
309,309,Delivered,03:37:29,19
310,310,Delivered,07:54:36,44
311,311,Cancelled,,60
312,312,Delivered,05:05:58,135
313,313,Delivered,12:17:11,29
314,314,Delivered,08:32:05,7
315,315,Delivered,01:38:52,199
316,316,Cancelled,,177
317,317,Cancelled,,182
318,318,Delivered,23:05:33,111
319,319,Cancelled,,169
320,320,Cancelled,,135
321,321,Delivered,14:27:39,69
322,322,Delivered,08:46:36,39
323,323,Delivered,00:03:37,99
324,324,Cancelled,,91
325,325,Delivered,00:45:42,66
326,326,Delivered,05:44:34,149
327,327,Delivered,11:51:12,163
328,328,Delivered,10:36:29,20
329,329,Delivered,18:15:43,76
330,330,Delivered,03:56:15,195
331,331,Delivered,07:30:50,67
332,332,Delivered,02:03:38,73
333,333,Delivered,04:44:21,148
334,334,Delivered,01:48:54,195
335,335,Cancelled,,138
336,336,Cancelled,,110
337,337,Cancelled,,79
338,338,Delivered,13:05:40,127
339,339,Delivered,08:43:57,198
340,340,Delivered,17:17:33,45
341,341,Delivered,10:50:44,36
342,342,Delivered,07:01:34,106
343,343,Cancelled,,25
344,344,Cancelled,,158
345,345,Delivered,08:41:37,90
346,346,Cancelled,,8
347,347,Delivered,19:44:45,112
348,348,Cancelled,,1
349,349,Delivered,14:12:34,2
350,350,Delivered,10:07:48,174
351,351,Delivered,08:41:24,15
352,352,Delivered,12:37:20,88
353,353,Cancelled,,191
354,354,Cancelled,,155
355,355,Delivered,19:41:31,167
356,356,Cancelled,,191
357,357,Delivered,06:46:58,66
358,358,Delivered,06:45:58,111
359,359,Delivered,23:09:59,160
360,360,Delivered,00:02:11,41
361,361,Cancelled,,180
362,362,Delivered,01:48:29,46
363,363,Delivered,12:02:15,161
364,364,Delivered,14:50:26,44
365,365,Cancelled,,102
366,366,Cancelled,,13
367,367,Delivered,00:29:48,66
368,368,Cancelled,,195
369,369,Cancelled,,115
370,370,Delivered,15:11:46,127
371,371,Delivered,11:29:00,21
372,372,Delivered,00:28:00,89
373,373,Cancelled,,159
374,374,Delivered,20:02:17,90
375,375,Delivered,01:18:35,66
376,376,Delivered,06:33:47,20
377,377,Delivered,04:28:47,63
378,378,Delivered,02:34:21,165
379,379,Delivered,03:27:52,60
380,380,Delivered,03:10:17,137
381,381,Cancelled,,52
382,382,Cancelled,,99
383,383,Delivered,06:20:22,4
384,384,Delivered,02:07:26,130
385,385,Delivered,18:54:25,145
386,386,Delivered,02:16:57,89
387,387,Delivered,21:31:55,118
388,388,Delivered,15:21:38,11
389,389,Delivered,22:36:10,26
390,390,Cancelled,,68
391,391,Cancelled,,178
392,392,Delivered,02:08:53,143
393,393,Cancelled,,144
394,394,Cancelled,,181
395,395,Delivered,02:08:08,51
396,396,Delivered,17:14:54,197
397,397,Cancelled,,87
398,398,Cancelled,,50
399,399,Cancelled,,45
400,400,Cancelled,,93
401,401,Delivered,05:00:49,132
402,402,Cancelled,,98
403,403,Cancelled,,13
404,404,Cancelled,,63
405,405,Delivered,05:52:38,173
406,406,Cancelled,,102
407,407,Delivered,22:08:49,150
408,408,Delivered,00:38:11,172
409,409,Delivered,15:03:26,126
410,410,Delivered,23:53:56,164
411,411,Cancelled,,187
412,412,Delivered,02:04:17,9
413,413,Delivered,17:16:31,76
414,414,Cancelled,,78
415,415,Delivered,05:00:34,18
416,416,Cancelled,,14
417,417,Delivered,10:19:50,45
418,418,Cancelled,,114
419,419,Cancelled,,153
420,420,Cancelled,,152
421,421,Delivered,18:10:55,15
422,422,Delivered,06:08:36,118
423,423,Delivered,09:27:54,132
424,424,Delivered,22:14:53,31
425,425,Cancelled,,153
426,426,Delivered,20:39:18,69
427,427,Delivered,06:13:17,22
428,428,Delivered,02:19:11,101
429,429,Cancelled,,124
430,430,Delivered,09:34:47,107
431,431,Delivered,14:56:20,30
432,432,Delivered,15:25:26,99
433,433,Delivered,11:48:08,83
434,434,Delivered,10:09:45,102
435,435,Cancelled,,92
436,436,Delivered,16:12:15,81
437,437,Cancelled,,102
438,438,Cancelled,,138
439,439,Delivered,12:07:57,91
440,440,Cancelled,,128
441,441,Delivered,23:15:45,61
442,442,Delivered,01:16:37,191
443,443,Cancelled,,24
444,444,Delivered,14:41:07,30
445,445,Delivered,05:30:23,26
446,446,Delivered,16:35:28,47
447,447,Cancelled,,141
448,448,Delivered,21:45:56,108
449,449,Cancelled,,97
450,450,Delivered,17:05:03,45
451,451,Delivered,22:53:30,166
452,452,Delivered,05:54:47,129
453,453,Cancelled,,87
454,454,Cancelled,,182
455,455,Cancelled,,133
456,456,Delivered,14:22:03,113
457,457,Cancelled,,117
458,458,Delivered,06:53:57,19
459,459,Delivered,07:06:40,33
460,460,Cancelled,,49
461,461,Cancelled,,112
462,462,Delivered,00:24:21,104
463,463,Delivered,21:37:58,124
464,464,Cancelled,,60
465,465,Cancelled,,11
466,466,Cancelled,,71
467,467,Cancelled,,123
468,468,Cancelled,,128
469,469,Delivered,03:05:52,16
470,470,Cancelled,,19
471,471,Delivered,18:50:37,172
472,472,Cancelled,,20
473,473,Cancelled,,87
474,474,Cancelled,,89
475,475,Delivered,17:52:33,178
476,476,Delivered,09:08:08,95
477,477,Delivered,16:05:03,103
478,478,Cancelled,,162
479,479,Delivered,23:22:37,108
480,480,Delivered,00:21:16,163
481,481,Cancelled,,66
482,482,Cancelled,,153
483,483,Cancelled,,97
484,484,Cancelled,,200
485,485,Delivered,19:58:22,150
486,486,Delivered,20:07:19,19
487,487,Delivered,20:49:23,124
488,488,Delivered,03:52:22,41
489,489,Delivered,07:20:33,125
490,490,Delivered,00:10:32,24
491,491,Delivered,18:12:22,198
492,492,Cancelled,,7
493,493,Delivered,06:33:06,88
494,494,Delivered,19:04:38,129
495,495,Delivered,09:27:37,73
496,496,Delivered,05:21:58,111
497,497,Cancelled,,84
498,498,Delivered,00:29:28,183
499,499,Delivered,10:12:51,121
500,500,Delivered,10:59:24,21
501,501,Delivered,01:03:08,49
502,502,Delivered,22:21:12,165
503,503,Delivered,21:27:23,59
504,504,Cancelled,,58
505,505,Cancelled,,56
506,506,Delivered,03:52:42,45
507,507,Cancelled,,55
508,508,Delivered,11:45:04,63
509,509,Cancelled,,196
510,510,Delivered,13:33:17,90
511,511,Cancelled,,34
512,512,Delivered,23:58:05,94
513,513,Delivered,07:07:22,125
514,514,Delivered,15:46:49,126
515,515,Delivered,21:55:52,25
516,516,Delivered,13:06:00,34
517,517,Cancelled,,5
518,518,Delivered,20:45:28,60
519,519,Delivered,01:24:17,1
520,520,Delivered,02:31:28,127
521,521,Delivered,22:31:36,27
522,522,Cancelled,,185
523,523,Delivered,19:01:25,122
524,524,Delivered,05:21:20,191
525,525,Delivered,22:20:46,126
526,526,Delivered,07:38:48,110
527,527,Delivered,10:45:19,28
528,528,Cancelled,,43
529,529,Delivered,18:08:45,188
530,530,Delivered,20:32:51,128
531,531,Cancelled,,199
532,532,Delivered,20:50:34,16
533,533,Delivered,17:04:20,36
534,534,Delivered,21:42:16,33
535,535,Delivered,20:40:21,134
536,536,Delivered,15:49:14,181
537,537,Delivered,14:08:13,128
538,538,Delivered,11:45:11,95
539,539,Delivered,05:40:54,10
540,540,Delivered,10:44:58,15
541,541,Cancelled,,104
542,542,Delivered,18:40:21,143
543,543,Delivered,07:56:09,181
544,544,Delivered,04:14:11,145
545,545,Delivered,10:07:53,3
546,546,Delivered,14:42:54,89
547,547,Delivered,08:23:46,158
548,548,Cancelled,,120
549,549,Delivered,18:04:29,80
550,550,Delivered,19:06:00,102
551,551,Delivered,18:46:13,17
552,552,Delivered,02:07:46,5
553,553,Cancelled,,161
554,554,Cancelled,,46
555,555,Delivered,23:49:55,114
556,556,Cancelled,,157
557,557,Delivered,15:36:46,31
558,558,Delivered,08:16:34,83
559,559,Cancelled,,47
560,560,Delivered,18:53:19,90
561,561,Cancelled,,73
562,562,Cancelled,,191
563,563,Delivered,04:41:04,16
564,564,Cancelled,,49
565,565,Cancelled,,200
566,566,Delivered,03:58:21,129
567,567,Cancelled,,141
568,568,Delivered,00:50:22,41
569,569,Delivered,09:46:56,28
570,570,Delivered,05:24:54,64
571,571,Cancelled,,90
572,572,Delivered,22:06:39,69
573,573,Delivered,01:18:15,5
574,574,Cancelled,,176
575,575,Delivered,21:43:42,155
576,576,Cancelled,,77
577,577,Cancelled,,95
578,578,Delivered,18:45:19,92
579,579,Delivered,16:19:13,123
580,580,Cancelled,,197
581,581,Delivered,18:30:44,27
582,582,Delivered,23:27:25,56
583,583,Delivered,20:34:20,49
584,584,Delivered,16:23:52,156
585,585,Delivered,00:30:41,37
586,586,Delivered,10:16:54,133
587,587,Delivered,05:47:40,153
588,588,Cancelled,,75
589,589,Cancelled,,50
590,590,Delivered,11:23:44,136
591,591,Cancelled,,182
592,592,Cancelled,,41
593,593,Cancelled,,145
594,594,Delivered,23:21:08,144
595,595,Delivered,21:34:12,150
596,596,Delivered,02:27:39,14
597,597,Cancelled,,149
598,598,Cancelled,,97
599,599,Delivered,00:09:03,185
600,600,Delivered,08:43:18,137
601,601,Delivered,23:12:32,6
602,602,Cancelled,,94
603,603,Delivered,17:10:00,56
604,604,Delivered,05:58:32,138
605,605,Delivered,21:22:00,77
606,606,Cancelled,,77
607,607,Delivered,16:38:28,49
608,608,Cancelled,,145
609,609,Delivered,20:58:08,61
610,610,Delivered,02:03:13,11
611,611,Delivered,08:43:45,195
612,612,Cancelled,,117
613,613,Delivered,21:33:30,119
614,614,Cancelled,,131
615,615,Delivered,23:22:21,170
616,616,Delivered,01:50:43,114
617,617,Delivered,09:05:32,121
618,618,Cancelled,,6
619,619,Cancelled,,192
620,620,Delivered,00:32:18,133
621,621,Delivered,21:23:29,160
622,622,Delivered,09:14:37,187
623,623,Delivered,04:19:12,30
624,624,Delivered,04:01:01,138
625,625,Delivered,21:30:44,121
626,626,Cancelled,,171
627,627,Delivered,01:40:04,28
628,628,Delivered,13:29:02,57
629,629,Delivered,03:18:48,63
630,630,Cancelled,,134
631,631,Delivered,12:52:18,180
632,632,Cancelled,,87
633,633,Delivered,07:31:12,108
634,634,Cancelled,,168
635,635,Cancelled,,168
636,636,Cancelled,,168
637,637,Delivered,09:45:26,147
638,638,Cancelled,,167
639,639,Delivered,13:34:59,125
640,640,Cancelled,,75
641,641,Delivered,18:19:44,134
642,642,Delivered,22:07:13,85
643,643,Delivered,20:34:57,17
644,644,Delivered,03:37:45,30
645,645,Delivered,08:12:17,12
646,646,Delivered,18:33:53,51
647,647,Cancelled,,56
648,648,Delivered,04:13:31,27
649,649,Delivered,07:11:10,36
650,650,Cancelled,,110
651,651,Cancelled,,196
652,652,Cancelled,,165
653,653,Delivered,10:27:44,183
654,654,Delivered,05:18:10,47
655,655,Cancelled,,39
656,656,Delivered,11:36:57,164
657,657,Delivered,06:18:49,20
658,658,Delivered,10:33:30,169
659,659,Delivered,05:25:39,182
660,660,Cancelled,,193
661,661,Delivered,04:20:45,46
662,662,Cancelled,,44
663,663,Delivered,03:35:04,19
664,664,Delivered,15:40:55,190
665,665,Delivered,07:38:10,168
666,666,Cancelled,,9
667,667,Cancelled,,105
668,668,Delivered,00:02:31,124
669,669,Delivered,14:05:58,66
670,670,Cancelled,,105
671,671,Delivered,06:53:44,174
672,672,Delivered,23:35:15,107
673,673,Delivered,22:16:04,139
674,674,Delivered,09:25:30,31
675,675,Delivered,09:20:19,104
676,676,Delivered,09:31:00,10
677,677,Cancelled,,157
678,678,Cancelled,,39
679,679,Delivered,17:25:14,163
680,680,Delivered,05:59:25,39
681,681,Delivered,23:24:21,53
682,682,Delivered,22:56:52,156
683,683,Delivered,13:30:54,11
684,684,Cancelled,,34
685,685,Delivered,16:44:01,50
686,686,Delivered,14:34:20,78
687,687,Delivered,17:03:14,176
688,688,Delivered,04:41:29,149
689,689,Delivered,01:47:20,12
690,690,Delivered,05:33:29,7
691,691,Delivered,03:42:47,189
692,692,Delivered,15:07:42,130
693,693,Cancelled,,81
694,694,Cancelled,,168
695,695,Delivered,06:42:51,142
696,696,Cancelled,,200
697,697,Delivered,10:33:10,117
698,698,Delivered,02:01:05,168
699,699,Cancelled,,114
700,700,Delivered,03:08:47,107
701,701,Delivered,01:54:35,187
702,702,Cancelled,,86
703,703,Delivered,17:39:26,75
704,704,Delivered,17:41:33,123
705,705,Cancelled,,163
706,706,Delivered,13:40:24,85
707,707,Delivered,23:53:41,148
708,708,Cancelled,,7
709,709,Delivered,03:45:24,163
710,710,Delivered,21:08:14,59
711,711,Cancelled,,9
712,712,Cancelled,,32
713,713,Delivered,12:44:00,143
714,714,Cancelled,,148
715,715,Cancelled,,95
716,716,Delivered,10:29:31,161
717,717,Cancelled,,58
718,718,Cancelled,,21
719,719,Cancelled,,139
720,720,Delivered,17:03:25,157
721,721,Delivered,16:37:59,60
722,722,Delivered,23:36:16,61
723,723,Delivered,23:20:16,26
724,724,Delivered,00:50:59,119
725,725,Delivered,12:41:34,197
726,726,Cancelled,,79
727,727,Delivered,09:47:49,20
728,728,Cancelled,,94
729,729,Delivered,19:27:26,196
730,730,Cancelled,,60
731,731,Delivered,20:13:17,36
732,732,Delivered,20:57:44,91
733,733,Delivered,00:54:30,49
734,734,Cancelled,,75
735,735,Delivered,17:28:12,12
736,736,Cancelled,,108
737,737,Cancelled,,1
738,738,Delivered,22:52:39,120
739,739,Delivered,02:34:38,14
740,740,Delivered,04:30:10,130
741,741,Delivered,13:16:21,124
742,742,Delivered,03:05:26,49
743,743,Delivered,14:37:35,100
744,744,Delivered,23:01:51,195
745,745,Delivered,16:55:17,193
746,746,Cancelled,,178
747,747,Cancelled,,74
748,748,Delivered,06:30:30,19
749,749,Cancelled,,31
750,750,Delivered,17:50:14,23
751,751,Delivered,03:16:22,35
752,752,Cancelled,,87
753,753,Cancelled,,75
754,754,Delivered,02:18:01,126
755,755,Delivered,09:09:46,173
756,756,Cancelled,,134
757,757,Delivered,16:32:03,161
758,758,Cancelled,,76
759,759,Delivered,05:08:32,47
760,760,Delivered,11:03:14,108
761,761,Cancelled,,22
762,762,Cancelled,,44
763,763,Delivered,20:23:02,124
764,764,Delivered,18:50:46,93
765,765,Cancelled,,94
766,766,Delivered,23:17:23,34
767,767,Delivered,05:37:33,57
768,768,Delivered,01:53:09,17
769,769,Delivered,07:32:28,132
770,770,Cancelled,,101
771,771,Cancelled,,80
772,772,Delivered,07:36:16,177
773,773,Delivered,03:03:43,128
774,774,Delivered,01:51:55,39
775,775,Delivered,19:00:01,160
776,776,Delivered,10:08:22,63
777,777,Cancelled,,29
778,778,Cancelled,,173
779,779,Delivered,14:05:14,30
780,780,Delivered,08:57:03,163
781,781,Cancelled,,77
782,782,Delivered,09:42:03,198
783,783,Delivered,11:33:49,131
784,784,Cancelled,,77
785,785,Cancelled,,152
786,786,Delivered,11:34:01,137
787,787,Delivered,21:37:25,118
788,788,Delivered,15:22:42,6
789,789,Delivered,10:11:50,7
790,790,Delivered,06:06:25,93
791,791,Delivered,06:36:09,103
792,792,Cancelled,,71
793,793,Delivered,07:29:18,181
794,794,Delivered,20:49:04,76
795,795,Delivered,10:20:05,97
796,796,Cancelled,,105
797,797,Delivered,20:52:23,118
798,798,Delivered,09:28:30,123
799,799,Cancelled,,156
800,800,Delivered,09:37:53,151
801,801,Delivered,03:39:22,17
802,802,Cancelled,,111
803,803,Cancelled,,138
804,804,Delivered,05:24:59,173
805,805,Delivered,03:34:29,176
806,806,Delivered,10:13:26,130
807,807,Cancelled,,170
808,808,Cancelled,,135
809,809,Delivered,17:53:16,52
810,810,Delivered,18:12:56,175
811,811,Delivered,01:34:39,171
812,812,Delivered,15:43:06,123
813,813,Delivered,23:05:28,165
814,814,Cancelled,,9
815,815,Cancelled,,188
816,816,Delivered,18:02:18,83
817,817,Delivered,01:27:44,81
818,818,Delivered,10:15:56,175
819,819,Delivered,16:12:03,143
820,820,Cancelled,,175
821,821,Delivered,18:36:20,195
822,822,Delivered,18:06:23,158
823,823,Delivered,06:08:00,123
824,824,Delivered,03:23:32,177
825,825,Delivered,02:06:38,103
826,826,Delivered,03:45:26,144
827,827,Delivered,04:08:19,78
828,828,Delivered,02:10:05,44
829,829,Delivered,14:45:12,176
830,830,Cancelled,,87
831,831,Delivered,10:44:23,97
832,832,Delivered,14:10:13,72
833,833,Delivered,18:23:02,22
834,834,Cancelled,,187
835,835,Delivered,19:13:45,16
836,836,Cancelled,,77
837,837,Cancelled,,17
838,838,Delivered,13:10:54,167
839,839,Cancelled,,89
840,840,Cancelled,,2
841,841,Delivered,03:58:27,100
842,842,Delivered,05:15:50,196
843,843,Delivered,13:36:14,11
844,844,Delivered,07:37:59,88
845,845,Delivered,09:27:06,34
846,846,Cancelled,,76
847,847,Cancelled,,101
848,848,Cancelled,,177
849,849,Delivered,03:28:39,119
850,850,Delivered,07:35:57,161
851,851,Delivered,15:42:25,138
852,852,Delivered,09:32:53,35
853,853,Delivered,16:04:46,186
854,854,Delivered,18:44:54,180
855,855,Delivered,19:40:54,79
856,856,Cancelled,,29
857,857,Cancelled,,155
858,858,Delivered,04:44:46,2
859,859,Cancelled,,33
860,860,Cancelled,,129
861,861,Delivered,15:07:36,125
862,862,Delivered,08:42:40,192
863,863,Delivered,12:13:55,40
864,864,Delivered,00:09:32,130
865,865,Delivered,02:08:21,168
866,866,Delivered,04:32:53,157
867,867,Delivered,08:51:56,91
868,868,Delivered,07:26:48,105
869,869,Delivered,20:30:46,181
870,870,Delivered,21:23:33,107
871,871,Delivered,15:48:57,124
872,872,Cancelled,,74
873,873,Delivered,08:33:57,123
874,874,Delivered,08:18:49,183
875,875,Cancelled,,107
876,876,Cancelled,,166
877,877,Cancelled,,115
878,878,Delivered,07:11:05,92
879,879,Delivered,09:11:54,194
880,880,Delivered,02:57:06,71
881,881,Delivered,14:23:00,114
882,882,Cancelled,,83
883,883,Delivered,19:59:15,59
884,884,Delivered,08:51:42,27
885,885,Delivered,11:26:05,100
886,886,Cancelled,,51
887,887,Cancelled,,110
888,888,Delivered,16:04:35,58
889,889,Delivered,17:17:16,119
890,890,Delivered,07:43:18,71
891,891,Delivered,06:32:15,69
892,892,Delivered,09:43:50,141
893,893,Cancelled,,30
894,894,Delivered,01:31:10,156
895,895,Cancelled,,47
896,896,Delivered,17:30:14,27
897,897,Cancelled,,166
898,898,Delivered,00:18:30,93
899,899,Delivered,09:21:23,156
900,900,Delivered,01:09:12,195
901,901,Delivered,04:22:58,192
902,902,Delivered,18:59:22,76
903,903,Cancelled,,99
904,904,Delivered,03:45:41,25
905,905,Delivered,22:51:44,200
906,906,Delivered,23:42:31,125
907,907,Cancelled,,52
908,908,Cancelled,,2
909,909,Delivered,09:37:42,162
910,910,Delivered,01:39:39,159
911,911,Cancelled,,169
912,912,Cancelled,,72
913,913,Delivered,23:34:08,162
914,914,Delivered,22:25:17,156
915,915,Cancelled,,58
916,916,Cancelled,,5
917,917,Delivered,12:00:53,159
918,918,Cancelled,,126
919,919,Delivered,04:46:11,58
920,920,Delivered,16:33:49,124
921,921,Delivered,08:12:19,93
922,922,Delivered,09:08:17,165
923,923,Delivered,19:05:23,198
924,924,Delivered,02:57:34,171
925,925,Delivered,15:22:37,126
926,926,Cancelled,,13
927,927,Cancelled,,93
928,928,Delivered,22:18:32,38
929,929,Cancelled,,118
930,930,Cancelled,,4
931,931,Delivered,21:09:00,157
932,932,Cancelled,,159
933,933,Cancelled,,162
934,934,Delivered,07:50:16,32
935,935,Delivered,03:40:43,115
936,936,Cancelled,,181
937,937,Delivered,20:22:38,175
938,938,Delivered,14:43:09,66
939,939,Delivered,06:54:30,171
940,940,Cancelled,,42
941,941,Delivered,00:40:12,11
942,942,Delivered,10:01:22,33
943,943,Delivered,00:14:19,181
944,944,Cancelled,,186
945,945,Cancelled,,163
946,946,Delivered,22:49:49,96
947,947,Delivered,02:23:17,102
948,948,Delivered,15:34:54,66
949,949,Delivered,01:57:32,64
950,950,Delivered,03:23:28,190
951,951,Delivered,12:32:25,61
952,952,Delivered,07:51:01,96
953,953,Delivered,22:35:38,123
954,954,Delivered,21:29:35,74
955,955,Cancelled,,93
956,956,Delivered,06:27:57,84
957,957,Delivered,10:19:50,86
958,958,Delivered,10:21:59,161
959,959,Delivered,17:34:50,174
960,960,Delivered,17:46:28,88
961,961,Cancelled,,102
962,962,Cancelled,,121
963,963,Cancelled,,130
964,964,Cancelled,,105
965,965,Cancelled,,57
966,966,Delivered,08:37:21,177
967,967,Delivered,05:27:19,8
968,968,Delivered,15:41:50,33
969,969,Delivered,02:32:51,150
970,970,Cancelled,,113
971,971,Delivered,17:57:36,175
972,972,Delivered,07:10:20,198
973,973,Delivered,13:27:10,92
974,974,Cancelled,,200
975,975,Cancelled,,7
976,976,Delivered,15:28:37,164
977,977,Cancelled,,29
978,978,Delivered,06:29:31,141
979,979,Delivered,10:42:59,68
980,980,Delivered,07:04:58,18
981,981,Delivered,16:53:14,67
982,982,Delivered,15:41:40,3
983,983,Delivered,08:55:59,47
984,984,Cancelled,,82
985,985,Cancelled,,175
986,986,Cancelled,,39
987,987,Delivered,07:34:40,110
988,988,Delivered,22:23:59,1
989,989,Delivered,01:08:33,180
990,990,Cancelled,,17
991,991,Delivered,14:03:49,154
992,992,Delivered,22:14:06,175
993,993,Delivered,15:17:35,56
994,994,Cancelled,,50
995,995,Delivered,23:43:09,62
996,996,Cancelled,,188
997,997,Cancelled,,187
998,998,Delivered,20:06:47,199
999,999,Delivered,04:58:45,187
1000,1000,Delivered,01:59:17,115
1001,1001,Delivered,00:11:12,52
1002,1002,Cancelled,,193
1003,1003,Delivered,18:37:12,40
1004,1004,Delivered,18:09:08,89
1005,1005,Delivered,10:03:51,22
1006,1006,Cancelled,,128
1007,1007,Delivered,03:18:41,28
1008,1008,Delivered,05:49:41,147
1009,1009,Delivered,10:53:04,178
1010,1010,Delivered,05:46:33,169
1011,1011,Cancelled,,115
1012,1012,Delivered,20:13:13,138
1013,1013,Delivered,18:46:19,119
1014,1014,Delivered,05:28:55,102
1015,1015,Cancelled,,172
1016,1016,Delivered,09:15:37,163
1017,1017,Delivered,22:01:48,158
1018,1018,Delivered,11:13:05,119
1019,1019,Delivered,19:44:22,28
1020,1020,Cancelled,,115
1021,1021,Cancelled,,151
1022,1022,Delivered,01:58:13,168
1023,1023,Cancelled,,17
1024,1024,Delivered,06:47:44,93
1025,1025,Delivered,15:08:38,24
1026,1026,Delivered,03:44:54,124
1027,1027,Cancelled,,175
1028,1028,Delivered,02:54:37,9
1029,1029,Delivered,00:03:57,31
1030,1030,Delivered,06:10:50,73
1031,1031,Delivered,22:34:30,76
1032,1032,Delivered,10:52:08,171
1033,1033,Delivered,20:27:23,32
1034,1034,Delivered,17:20:21,119
1035,1035,Delivered,22:44:02,134
1036,1036,Delivered,23:47:57,37
1037,1037,Delivered,09:44:35,8
1038,1038,Cancelled,,108
1039,1039,Cancelled,,134
1040,1040,Delivered,00:45:53,124
1041,1041,Delivered,12:53:03,76
1042,1042,Delivered,19:58:53,141
1043,1043,Cancelled,,166
1044,1044,Cancelled,,55
1045,1045,Delivered,11:03:36,99
1046,1046,Delivered,04:21:03,55
1047,1047,Delivered,00:13:36,157
1048,1048,Delivered,12:02:12,157
1049,1049,Delivered,18:01:51,171
1050,1050,Cancelled,,120
1051,1051,Delivered,05:14:40,143
1052,1052,Cancelled,,77
1053,1053,Delivered,12:19:49,137
1054,1054,Delivered,12:49:46,158
1055,1055,Delivered,08:59:31,49
1056,1056,Cancelled,,74
1057,1057,Delivered,17:29:01,147
1058,1058,Delivered,23:05:32,75
1059,1059,Delivered,20:46:57,125
1060,1060,Delivered,16:22:35,192
1061,1061,Cancelled,,150
1062,1062,Cancelled,,36
1063,1063,Delivered,19:33:33,72
1064,1064,Cancelled,,120
1065,1065,Cancelled,,45
1066,1066,Cancelled,,54
1067,1067,Cancelled,,140
1068,1068,Delivered,06:22:39,198
1069,1069,Delivered,05:59:07,155
1070,1070,Cancelled,,188
1071,1071,Delivered,12:36:18,44
1072,1072,Delivered,10:52:09,71
1073,1073,Delivered,16:27:51,84
1074,1074,Delivered,20:16:50,136
1075,1075,Cancelled,,23
1076,1076,Cancelled,,176
1077,1077,Cancelled,,131
1078,1078,Delivered,13:43:33,11
1079,1079,Delivered,18:18:07,74
1080,1080,Cancelled,,91
1081,1081,Delivered,21:36:03,73
1082,1082,Cancelled,,174
1083,1083,Cancelled,,77
1084,1084,Delivered,08:59:28,25
1085,1085,Delivered,01:20:30,19
1086,1086,Delivered,07:53:17,10
1087,1087,Cancelled,,78
1088,1088,Cancelled,,182
1089,1089,Cancelled,,182
1090,1090,Cancelled,,131
1091,1091,Delivered,07:05:38,104
1092,1092,Cancelled,,171
1093,1093,Delivered,06:40:16,65
1094,1094,Delivered,16:00:22,195
1095,1095,Delivered,06:09:23,150
1096,1096,Cancelled,,80
1097,1097,Delivered,20:51:52,8
1098,1098,Delivered,15:02:11,80
1099,1099,Delivered,10:43:30,46
1100,1100,Cancelled,,123
1101,1101,Delivered,05:21:19,28
1102,1102,Delivered,08:47:33,134
1103,1103,Delivered,18:16:53,170
1104,1104,Cancelled,,108
1105,1105,Delivered,12:30:47,77
1106,1106,Delivered,21:48:24,51
1107,1107,Delivered,15:59:22,74
1108,1108,Delivered,11:37:45,188
1109,1109,Cancelled,,22
1110,1110,Delivered,07:07:34,42
1111,1111,Cancelled,,146
1112,1112,Cancelled,,99
1113,1113,Cancelled,,140
1114,1114,Delivered,07:54:06,114
1115,1115,Delivered,21:54:22,105
1116,1116,Delivered,00:14:44,118
1117,1117,Cancelled,,82
1118,1118,Cancelled,,54
1119,1119,Delivered,13:34:17,189
1120,1120,Cancelled,,40
1121,1121,Delivered,04:25:57,196
1122,1122,Delivered,12:27:38,90
1123,1123,Cancelled,,177
1124,1124,Delivered,06:05:42,4
1125,1125,Delivered,02:04:42,54
1126,1126,Delivered,20:30:39,119
1127,1127,Delivered,16:23:42,189
1128,1128,Cancelled,,56
1129,1129,Delivered,22:38:51,66
1130,1130,Delivered,05:58:38,45
1131,1131,Delivered,00:57:34,116
1132,1132,Delivered,01:57:38,103
1133,1133,Delivered,02:12:25,146
1134,1134,Delivered,02:54:23,139
1135,1135,Delivered,04:39:49,66
1136,1136,Delivered,12:38:30,154
1137,1137,Delivered,07:39:39,13
1138,1138,Cancelled,,162
1139,1139,Cancelled,,12
1140,1140,Cancelled,,193
1141,1141,Delivered,17:11:42,106
1142,1142,Cancelled,,105
1143,1143,Delivered,06:23:00,101
1144,1144,Delivered,15:44:27,37
1145,1145,Delivered,18:54:14,127
1146,1146,Delivered,09:19:38,161
1147,1147,Cancelled,,8
1148,1148,Delivered,11:19:58,140
1149,1149,Delivered,07:45:40,76
1150,1150,Delivered,05:19:10,81
1151,1151,Delivered,21:44:54,42
1152,1152,Delivered,16:33:49,6
1153,1153,Delivered,13:57:11,61
1154,1154,Delivered,02:46:42,76
1155,1155,Delivered,18:45:43,84
1156,1156,Delivered,01:56:55,45
1157,1157,Delivered,02:52:41,166
1158,1158,Delivered,13:06:05,83
1159,1159,Cancelled,,60
1160,1160,Delivered,15:26:26,50
1161,1161,Delivered,15:21:41,97
1162,1162,Delivered,16:56:28,2
1163,1163,Cancelled,,158
1164,1164,Cancelled,,10
1165,1165,Cancelled,,69
1166,1166,Delivered,16:23:35,77
1167,1167,Delivered,04:41:08,106
1168,1168,Cancelled,,177
1169,1169,Delivered,19:06:44,23
1170,1170,Delivered,05:41:26,154
1171,1171,Cancelled,,129
1172,1172,Delivered,09:04:38,100
1173,1173,Delivered,18:03:15,195
1174,1174,Delivered,13:39:11,108
1175,1175,Delivered,11:38:48,165
1176,1176,Delivered,19:10:17,15
1177,1177,Delivered,07:28:21,59
1178,1178,Cancelled,,150
1179,1179,Delivered,19:49:16,75
1180,1180,Delivered,13:12:54,58
1181,1181,Delivered,16:55:26,114
1182,1182,Delivered,15:58:41,3
1183,1183,Delivered,03:29:05,167
1184,1184,Cancelled,,119
1185,1185,Cancelled,,7
1186,1186,Delivered,11:40:07,38
1187,1187,Delivered,18:03:12,17
1188,1188,Cancelled,,152
1189,1189,Delivered,14:16:53,53
1190,1190,Cancelled,,106
1191,1191,Delivered,04:11:04,42
1192,1192,Delivered,03:27:39,8
1193,1193,Cancelled,,60
1194,1194,Delivered,14:00:18,88
1195,1195,Cancelled,,3
1196,1196,Delivered,19:46:52,156
1197,1197,Delivered,19:53:15,193
1198,1198,Cancelled,,111
1199,1199,Delivered,10:57:07,87
1200,1200,Cancelled,,49
1201,1201,Cancelled,,167
1202,1202,Delivered,05:42:36,186
1203,1203,Delivered,05:28:48,150
1204,1204,Delivered,06:11:34,30
1205,1205,Delivered,01:12:41,119
1206,1206,Delivered,23:43:58,36
1207,1207,Delivered,20:41:25,41
1208,1208,Delivered,08:27:51,162
1209,1209,Cancelled,,51
1210,1210,Delivered,08:21:54,164
1211,1211,Delivered,15:43:28,133
1212,1212,Delivered,19:10:24,170
1213,1213,Delivered,23:14:53,37
1214,1214,Cancelled,,196
1215,1215,Delivered,18:24:08,196
1216,1216,Delivered,13:21:50,52
1217,1217,Delivered,23:02:36,134
1218,1218,Cancelled,,185
1219,1219,Delivered,21:30:30,185
1220,1220,Delivered,13:34:37,106
1221,1221,Cancelled,,197
1222,1222,Delivered,22:37:12,1
1223,1223,Delivered,02:23:59,169
1224,1224,Delivered,09:25:15,132
1225,1225,Delivered,03:29:46,186
1226,1226,Delivered,17:05:36,196
1227,1227,Cancelled,,173
1228,1228,Delivered,05:17:05,118
1229,1229,Delivered,18:39:38,122
1230,1230,Delivered,18:43:36,71
1231,1231,Delivered,08:18:26,193
1232,1232,Delivered,06:43:14,166
1233,1233,Delivered,21:11:39,108
1234,1234,Delivered,02:13:05,22
1235,1235,Delivered,14:19:24,14
1236,1236,Delivered,13:15:50,91
1237,1237,Delivered,18:24:19,141
1238,1238,Cancelled,,180
1239,1239,Cancelled,,37
1240,1240,Delivered,11:20:22,54
1241,1241,Delivered,01:47:24,120
1242,1242,Cancelled,,17
1243,1243,Cancelled,,7
1244,1244,Delivered,03:16:14,14
1245,1245,Delivered,09:27:55,111
1246,1246,Cancelled,,185
1247,1247,Cancelled,,62
1248,1248,Delivered,11:21:20,5
1249,1249,Delivered,09:03:49,105
1250,1250,Delivered,15:51:39,72
1251,1251,Delivered,14:06:14,14
1252,1252,Delivered,12:24:27,31
1253,1253,Cancelled,,135
1254,1254,Cancelled,,61
1255,1255,Delivered,00:26:05,22
1256,1256,Cancelled,,22
1257,1257,Delivered,04:05:55,147
1258,1258,Delivered,02:32:21,169
1259,1259,Cancelled,,151
1260,1260,Delivered,14:38:10,42
1261,1261,Delivered,17:27:33,108
1262,1262,Cancelled,,8
1263,1263,Delivered,13:17:33,53
1264,1264,Delivered,10:51:38,127
1265,1265,Delivered,16:30:39,13
1266,1266,Delivered,22:41:30,126
1267,1267,Cancelled,,145
1268,1268,Delivered,10:27:16,36
1269,1269,Delivered,08:35:53,3
1270,1270,Delivered,07:23:21,155
1271,1271,Delivered,21:57:52,84
1272,1272,Cancelled,,192
1273,1273,Delivered,15:18:05,113
1274,1274,Delivered,22:50:16,8
1275,1275,Cancelled,,139
1276,1276,Delivered,01:29:31,169
1277,1277,Cancelled,,134
1278,1278,Delivered,19:01:49,99
1279,1279,Delivered,19:26:07,138
1280,1280,Cancelled,,83
1281,1281,Delivered,22:05:49,185
1282,1282,Delivered,17:37:27,68
1283,1283,Cancelled,,118
1284,1284,Delivered,00:01:20,32
1285,1285,Delivered,10:43:16,160
1286,1286,Delivered,10:08:38,147
1287,1287,Cancelled,,107
1288,1288,Delivered,18:25:17,183
1289,1289,Delivered,02:27:30,30
1290,1290,Delivered,08:26:36,59
1291,1291,Delivered,00:19:55,82
1292,1292,Delivered,14:08:31,70
1293,1293,Delivered,12:11:23,183
1294,1294,Delivered,02:26:04,75
1295,1295,Delivered,11:32:44,166
1296,1296,Delivered,16:10:00,20
1297,1297,Cancelled,,127
1298,1298,Cancelled,,185
1299,1299,Cancelled,,69
1300,1300,Delivered,22:44:56,189
1301,1301,Delivered,21:31:31,36
1302,1302,Cancelled,,94
1303,1303,Cancelled,,154
1304,1304,Cancelled,,107
1305,1305,Delivered,21:06:48,122
1306,1306,Delivered,08:49:59,105
1307,1307,Cancelled,,127
1308,1308,Delivered,10:46:41,14
1309,1309,Delivered,14:16:50,27
1310,1310,Delivered,18:18:22,43
1311,1311,Cancelled,,72
1312,1312,Delivered,10:50:24,142
1313,1313,Cancelled,,66
1314,1314,Delivered,22:03:14,68
1315,1315,Delivered,05:25:06,66
1316,1316,Delivered,08:28:39,134
1317,1317,Delivered,05:47:52,30
1318,1318,Cancelled,,62
1319,1319,Cancelled,,18
1320,1320,Delivered,18:39:47,33
1321,1321,Delivered,11:53:57,136
1322,1322,Cancelled,,54
1323,1323,Delivered,10:46:57,55
1324,1324,Delivered,16:36:32,132
1325,1325,Delivered,22:14:11,64
1326,1326,Delivered,12:52:03,41
1327,1327,Delivered,16:54:24,19
1328,1328,Delivered,13:45:34,85
1329,1329,Delivered,21:40:15,60
1330,1330,Delivered,09:31:12,128
1331,1331,Cancelled,,20
1332,1332,Cancelled,,129
1333,1333,Delivered,22:51:45,101
1334,1334,Delivered,00:40:31,65
1335,1335,Delivered,21:39:07,130
1336,1336,Delivered,04:09:48,104
1337,1337,Delivered,07:19:32,198
1338,1338,Delivered,18:22:08,107
1339,1339,Delivered,13:04:34,58
1340,1340,Delivered,09:06:16,89
1341,1341,Cancelled,,45
1342,1342,Cancelled,,183
1343,1343,Delivered,13:13:00,75
1344,1344,Cancelled,,66
1345,1345,Cancelled,,9
1346,1346,Delivered,06:26:44,2
1347,1347,Cancelled,,168
1348,1348,Delivered,19:38:57,50
1349,1349,Delivered,06:58:56,147
1350,1350,Delivered,14:37:34,166
1351,1351,Delivered,12:50:45,38
1352,1352,Delivered,01:06:36,199
1353,1353,Delivered,06:15:33,118
1354,1354,Delivered,18:50:02,39
1355,1355,Cancelled,,180
1356,1356,Cancelled,,168
1357,1357,Delivered,22:34:04,147
1358,1358,Delivered,10:32:16,194
1359,1359,Delivered,10:44:12,88
1360,1360,Delivered,00:10:36,35
1361,1361,Delivered,17:42:06,198
1362,1362,Delivered,12:07:54,93
1363,1363,Delivered,14:30:52,83
1364,1364,Cancelled,,94
1365,1365,Delivered,11:30:20,19
1366,1366,Delivered,00:01:44,200
1367,1367,Delivered,04:04:34,11
1368,1368,Delivered,11:18:04,193
1369,1369,Delivered,01:11:18,45
1370,1370,Delivered,13:33:47,37
1371,1371,Delivered,14:27:42,10
1372,1372,Cancelled,,195
1373,1373,Cancelled,,144
1374,1374,Cancelled,,136
1375,1375,Delivered,03:15:55,49
1376,1376,Delivered,00:26:58,61
1377,1377,Delivered,20:43:58,14
1378,1378,Cancelled,,165
1379,1379,Delivered,00:15:24,160
1380,1380,Delivered,04:23:06,171
1381,1381,Delivered,00:08:37,160
1382,1382,Delivered,09:24:29,192
1383,1383,Cancelled,,108
1384,1384,Delivered,15:30:53,30
1385,1385,Delivered,22:11:19,175
1386,1386,Cancelled,,43
1387,1387,Delivered,07:43:46,142
1388,1388,Cancelled,,165
1389,1389,Cancelled,,65
1390,1390,Cancelled,,138
1391,1391,Delivered,13:31:08,9
1392,1392,Delivered,02:59:25,156
1393,1393,Delivered,03:05:10,124
1394,1394,Delivered,19:31:07,34
1395,1395,Delivered,09:08:06,102
1396,1396,Cancelled,,58
1397,1397,Delivered,01:57:25,128
1398,1398,Delivered,04:57:15,175
1399,1399,Delivered,11:03:52,74
1400,1400,Delivered,09:40:07,155
1401,1401,Cancelled,,169
1402,1402,Delivered,07:27:17,58
1403,1403,Cancelled,,33
1404,1404,Cancelled,,157
1405,1405,Delivered,04:36:13,124
1406,1406,Cancelled,,46
1407,1407,Cancelled,,49
1408,1408,Delivered,18:15:18,189
1409,1409,Cancelled,,49
1410,1410,Delivered,01:52:09,187
1411,1411,Delivered,01:51:17,53
1412,1412,Delivered,22:35:49,184
1413,1413,Delivered,20:54:12,68
1414,1414,Delivered,03:35:04,79
1415,1415,Cancelled,,150
1416,1416,Cancelled,,179
1417,1417,Delivered,00:34:47,163
1418,1418,Delivered,17:55:20,51
1419,1419,Delivered,06:19:19,116
1420,1420,Delivered,07:08:39,37
1421,1421,Delivered,01:58:55,159
1422,1422,Cancelled,,145
1423,1423,Delivered,19:01:58,49
1424,1424,Cancelled,,116
1425,1425,Cancelled,,70
1426,1426,Delivered,20:23:15,131
1427,1427,Cancelled,,3
1428,1428,Delivered,11:55:59,89
1429,1429,Delivered,18:36:24,173
1430,1430,Delivered,20:14:08,118
1431,1431,Delivered,22:59:35,160
1432,1432,Delivered,17:50:04,168
1433,1433,Delivered,13:29:24,154
1434,1434,Delivered,08:38:52,38
1435,1435,Delivered,21:43:29,15
1436,1436,Cancelled,,118
1437,1437,Cancelled,,142
1438,1438,Delivered,12:25:02,50
1439,1439,Cancelled,,102
1440,1440,Delivered,08:19:31,99
1441,1441,Delivered,11:37:54,186
1442,1442,Delivered,03:26:47,95
1443,1443,Delivered,04:13:08,167
1444,1444,Delivered,04:29:06,160
1445,1445,Delivered,04:56:55,199
1446,1446,Delivered,03:24:45,185
1447,1447,Delivered,23:59:43,155
1448,1448,Delivered,11:39:47,7
1449,1449,Delivered,16:39:51,199
1450,1450,Delivered,03:40:37,121
1451,1451,Delivered,15:16:13,51
1452,1452,Delivered,09:25:30,24
1453,1453,Cancelled,,19
1454,1454,Delivered,07:52:41,51
1455,1455,Cancelled,,174
1456,1456,Cancelled,,1
1457,1457,Cancelled,,156
1458,1458,Delivered,07:08:38,45
1459,1459,Delivered,15:51:57,63
1460,1460,Delivered,00:35:42,9
1461,1461,Delivered,20:10:28,68
1462,1462,Cancelled,,187
1463,1463,Delivered,02:36:33,116
1464,1464,Cancelled,,86
1465,1465,Cancelled,,14
1466,1466,Cancelled,,143
1467,1467,Delivered,03:34:17,75
1468,1468,Cancelled,,186
1469,1469,Delivered,20:59:53,166
1470,1470,Delivered,23:28:44,91
1471,1471,Cancelled,,87
1472,1472,Cancelled,,154
1473,1473,Delivered,08:28:10,139
1474,1474,Cancelled,,19
1475,1475,Cancelled,,56
1476,1476,Delivered,12:04:08,148
1477,1477,Delivered,20:18:29,134
1478,1478,Delivered,07:25:16,36
1479,1479,Cancelled,,130
1480,1480,Delivered,09:00:47,148
1481,1481,Delivered,00:14:29,98
1482,1482,Cancelled,,64
1483,1483,Delivered,05:25:35,17
1484,1484,Cancelled,,155
1485,1485,Cancelled,,98
1486,1486,Cancelled,,58
1487,1487,Cancelled,,98
1488,1488,Delivered,08:57:48,45
1489,1489,Cancelled,,100
1490,1490,Delivered,17:10:05,190
1491,1491,Delivered,22:29:23,200
1492,1492,Delivered,21:19:52,43
1493,1493,Cancelled,,122
1494,1494,Delivered,21:57:49,142
1495,1495,Cancelled,,191
1496,1496,Cancelled,,79
1497,1497,Delivered,11:24:17,40
1498,1498,Delivered,16:06:40,192
1499,1499,Delivered,18:21:00,120
1500,1500,Cancelled,,148
1501,1501,Cancelled,,112
1502,1502,Delivered,01:09:00,82
1503,1503,Cancelled,,84
1504,1504,Delivered,14:37:36,32
1505,1505,Cancelled,,60
1506,1506,Delivered,09:13:36,161
1507,1507,Cancelled,,140
1508,1508,Delivered,16:22:09,22
1509,1509,Delivered,03:59:56,164
1510,1510,Delivered,10:30:14,89
1511,1511,Delivered,21:38:49,167
1512,1512,Cancelled,,102
1513,1513,Delivered,17:02:14,155
1514,1514,Cancelled,,65
1515,1515,Cancelled,,16
1516,1516,Cancelled,,138
1517,1517,Delivered,11:57:03,10
1518,1518,Delivered,00:45:25,127
1519,1519,Cancelled,,65
1520,1520,Delivered,10:53:03,170
1521,1521,Delivered,07:15:43,159
1522,1522,Cancelled,,178
1523,1523,Cancelled,,80
1524,1524,Delivered,23:52:22,61
1525,1525,Delivered,19:07:51,171
1526,1526,Delivered,12:16:29,12
1527,1527,Delivered,06:32:18,68
1528,1528,Delivered,06:53:25,121
1529,1529,Delivered,04:44:20,130
1530,1530,Delivered,04:45:04,71
1531,1531,Delivered,19:53:17,120
1532,1532,Delivered,20:26:41,169
1533,1533,Delivered,18:10:55,174
1534,1534,Delivered,16:36:39,195
1535,1535,Delivered,05:53:18,96
1536,1536,Cancelled,,109
1537,1537,Delivered,00:19:44,157
1538,1538,Delivered,14:00:40,14
1539,1539,Cancelled,,188
1540,1540,Delivered,01:58:00,55
1541,1541,Delivered,00:02:08,110
1542,1542,Cancelled,,48
1543,1543,Delivered,00:22:41,112
1544,1544,Delivered,06:37:09,153
1545,1545,Cancelled,,75
1546,1546,Delivered,16:47:45,166
1547,1547,Delivered,02:58:04,170
1548,1548,Delivered,08:36:33,114
1549,1549,Delivered,11:11:09,30
1550,1550,Delivered,18:31:39,48
1551,1551,Cancelled,,191
1552,1552,Cancelled,,21
1553,1553,Delivered,20:10:58,36
1554,1554,Cancelled,,127
1555,1555,Delivered,21:51:09,92
1556,1556,Delivered,04:35:45,146
1557,1557,Delivered,20:47:41,135
1558,1558,Delivered,18:24:22,74
1559,1559,Delivered,07:00:16,72
1560,1560,Delivered,09:07:49,57
1561,1561,Delivered,00:12:25,199
1562,1562,Delivered,22:19:46,95
1563,1563,Delivered,20:46:52,112
1564,1564,Delivered,03:00:24,139
1565,1565,Delivered,23:52:09,85
1566,1566,Delivered,18:25:49,136
1567,1567,Delivered,21:07:28,116
1568,1568,Cancelled,,101
1569,1569,Delivered,03:07:25,192
1570,1570,Delivered,14:19:08,108
1571,1571,Delivered,05:38:50,113
1572,1572,Delivered,03:52:58,61
1573,1573,Delivered,03:43:54,43
1574,1574,Delivered,07:31:04,99
1575,1575,Delivered,19:54:41,23
1576,1576,Delivered,20:38:31,153
1577,1577,Delivered,00:23:11,158
1578,1578,Delivered,09:57:46,175
1579,1579,Delivered,10:24:18,182
1580,1580,Delivered,22:15:51,75
1581,1581,Delivered,05:21:35,193
1582,1582,Delivered,16:14:21,146
1583,1583,Cancelled,,190
1584,1584,Delivered,06:10:39,19
1585,1585,Cancelled,,162
1586,1586,Cancelled,,22
1587,1587,Delivered,13:48:54,8
1588,1588,Cancelled,,38
1589,1589,Delivered,05:21:31,90
1590,1590,Delivered,09:28:53,176
1591,1591,Cancelled,,114
1592,1592,Delivered,19:40:07,9
1593,1593,Delivered,21:02:47,154
1594,1594,Cancelled,,140
1595,1595,Delivered,15:39:17,74
1596,1596,Delivered,14:57:08,69
1597,1597,Cancelled,,127
1598,1598,Cancelled,,188
1599,1599,Cancelled,,35
1600,1600,Delivered,16:32:02,176
1601,1601,Cancelled,,67
1602,1602,Delivered,23:12:44,88
1603,1603,Cancelled,,63
1604,1604,Delivered,12:54:37,174
1605,1605,Delivered,06:42:52,164
1606,1606,Delivered,00:56:29,154
1607,1607,Delivered,15:59:06,169
1608,1608,Delivered,13:16:37,168
1609,1609,Delivered,00:25:09,187
1610,1610,Cancelled,,53
1611,1611,Delivered,14:05:35,140
1612,1612,Cancelled,,199
1613,1613,Cancelled,,82
1614,1614,Cancelled,,105
1615,1615,Delivered,12:04:34,175
1616,1616,Cancelled,,197
1617,1617,Cancelled,,194
1618,1618,Delivered,19:57:57,186
1619,1619,Cancelled,,187
1620,1620,Delivered,06:06:01,108
1621,1621,Cancelled,,121
1622,1622,Delivered,22:27:10,133
1623,1623,Delivered,13:00:51,70
1624,1624,Delivered,04:13:25,24
1625,1625,Delivered,00:40:54,162
1626,1626,Delivered,13:55:24,124
1627,1627,Delivered,11:21:53,113
1628,1628,Delivered,07:42:10,53
1629,1629,Cancelled,,8
1630,1630,Cancelled,,157
1631,1631,Cancelled,,171
1632,1632,Delivered,15:23:27,41
1633,1633,Delivered,19:43:41,155
1634,1634,Cancelled,,79
1635,1635,Delivered,08:53:05,7
1636,1636,Delivered,03:07:18,195
1637,1637,Delivered,08:32:51,187
1638,1638,Delivered,14:04:47,8
1639,1639,Delivered,23:01:35,160
1640,1640,Delivered,00:07:22,136
1641,1641,Cancelled,,142
1642,1642,Cancelled,,26
1643,1643,Delivered,06:54:30,93
1644,1644,Delivered,03:39:09,124
1645,1645,Delivered,05:05:59,14
1646,1646,Delivered,10:58:50,146
1647,1647,Cancelled,,147
1648,1648,Delivered,16:48:40,138
1649,1649,Cancelled,,2
1650,1650,Cancelled,,120
1651,1651,Delivered,17:07:10,197
1652,1652,Delivered,14:25:51,160
1653,1653,Delivered,06:51:35,37
1654,1654,Delivered,03:37:43,97
1655,1655,Delivered,03:02:39,168
1656,1656,Delivered,20:39:20,71
1657,1657,Delivered,10:25:23,4
1658,1658,Cancelled,,5
1659,1659,Cancelled,,145
1660,1660,Delivered,13:25:56,193
1661,1661,Cancelled,,27
1662,1662,Delivered,00:31:42,184
1663,1663,Delivered,19:27:37,199
1664,1664,Delivered,00:01:51,170
1665,1665,Delivered,03:50:38,28
1666,1666,Delivered,15:26:54,98
1667,1667,Cancelled,,135
1668,1668,Delivered,01:20:24,42
1669,1669,Delivered,22:21:20,98
1670,1670,Delivered,07:00:28,4
1671,1671,Delivered,09:40:20,63
1672,1672,Cancelled,,70
1673,1673,Cancelled,,9
1674,1674,Cancelled,,189
1675,1675,Cancelled,,50
1676,1676,Delivered,12:25:53,141
1677,1677,Cancelled,,94
1678,1678,Cancelled,,186
1679,1679,Cancelled,,78
1680,1680,Delivered,07:23:15,170
1681,1681,Delivered,12:42:25,157
1682,1682,Delivered,20:38:49,164
1683,1683,Cancelled,,170
1684,1684,Delivered,05:43:59,146
1685,1685,Delivered,03:26:44,76
1686,1686,Delivered,05:21:23,51
1687,1687,Delivered,11:36:28,107
1688,1688,Delivered,14:38:24,61
1689,1689,Delivered,06:30:08,11
1690,1690,Delivered,22:04:44,109
1691,1691,Cancelled,,181
1692,1692,Cancelled,,36
1693,1693,Cancelled,,98
1694,1694,Delivered,13:24:46,12
1695,1695,Delivered,12:33:58,5
1696,1696,Delivered,13:27:02,95
1697,1697,Delivered,22:52:56,124
1698,1698,Delivered,12:34:01,67
1699,1699,Delivered,15:11:17,181
1700,1700,Cancelled,,22
1701,1701,Delivered,07:37:33,95
1702,1702,Cancelled,,73
1703,1703,Delivered,16:07:12,42
1704,1704,Delivered,23:20:05,17
1705,1705,Cancelled,,63
1706,1706,Delivered,12:07:27,191
1707,1707,Delivered,02:58:23,33
1708,1708,Cancelled,,181
1709,1709,Cancelled,,192
1710,1710,Cancelled,,141
1711,1711,Delivered,18:45:36,177
1712,1712,Delivered,13:18:48,89
1713,1713,Cancelled,,188
1714,1714,Delivered,14:17:00,47
1715,1715,Cancelled,,60
1716,1716,Delivered,18:48:18,7
1717,1717,Delivered,10:24:20,192
1718,1718,Delivered,08:12:52,92
1719,1719,Cancelled,,159
1720,1720,Cancelled,,88
1721,1721,Cancelled,,148
1722,1722,Delivered,14:14:25,13
1723,1723,Delivered,01:49:26,14
1724,1724,Delivered,13:55:16,6
1725,1725,Delivered,12:00:53,63
1726,1726,Delivered,16:30:37,139
1727,1727,Delivered,12:20:05,50
1728,1728,Delivered,12:08:04,192
1729,1729,Cancelled,,29
1730,1730,Cancelled,,39
1731,1731,Cancelled,,149
1732,1732,Delivered,06:15:40,110
1733,1733,Delivered,08:02:02,185
1734,1734,Cancelled,,37
1735,1735,Cancelled,,103
1736,1736,Delivered,02:33:00,199
1737,1737,Delivered,12:36:52,118
1738,1738,Delivered,09:05:31,27
1739,1739,Delivered,23:54:49,17
1740,1740,Delivered,14:41:39,83
1741,1741,Cancelled,,180
1742,1742,Cancelled,,109
1743,1743,Delivered,05:56:47,70
1744,1744,Delivered,05:48:10,37
1745,1745,Delivered,08:35:57,32
1746,1746,Delivered,20:24:16,77
1747,1747,Delivered,02:46:53,53
1748,1748,Cancelled,,62
1749,1749,Delivered,08:52:08,12
1750,1750,Delivered,06:30:05,73
1751,1751,Delivered,03:43:00,26
1752,1752,Cancelled,,47
1753,1753,Delivered,05:08:48,168
1754,1754,Delivered,08:10:07,31
1755,1755,Cancelled,,60
1756,1756,Cancelled,,166
1757,1757,Delivered,00:50:04,164
1758,1758,Delivered,01:02:25,21
1759,1759,Cancelled,,110
1760,1760,Cancelled,,86
1761,1761,Delivered,16:43:15,24
1762,1762,Delivered,00:02:02,142
1763,1763,Delivered,22:23:47,45
1764,1764,Delivered,20:15:45,24
1765,1765,Delivered,02:06:45,29
1766,1766,Delivered,10:13:12,9
1767,1767,Cancelled,,101
1768,1768,Delivered,04:42:08,140
1769,1769,Delivered,12:42:19,141
1770,1770,Delivered,07:27:30,180
1771,1771,Delivered,12:42:24,129
1772,1772,Cancelled,,34
1773,1773,Delivered,20:50:06,184
1774,1774,Delivered,22:42:58,52
1775,1775,Delivered,15:43:36,191
1776,1776,Cancelled,,87
1777,1777,Delivered,18:54:22,180
1778,1778,Delivered,17:28:57,64
1779,1779,Delivered,07:53:12,132
1780,1780,Cancelled,,33
1781,1781,Cancelled,,137
1782,1782,Cancelled,,182
1783,1783,Cancelled,,67
1784,1784,Delivered,00:01:20,185
1785,1785,Cancelled,,77
1786,1786,Cancelled,,118
1787,1787,Delivered,02:38:19,72
1788,1788,Delivered,19:56:42,30
1789,1789,Cancelled,,81
1790,1790,Cancelled,,148
1791,1791,Delivered,23:36:27,97
1792,1792,Delivered,02:26:25,145
1793,1793,Delivered,20:24:30,1
1794,1794,Delivered,19:29:29,116
1795,1795,Cancelled,,143
1796,1796,Delivered,15:53:49,171
1797,1797,Delivered,06:45:41,45
1798,1798,Delivered,04:48:47,27
1799,1799,Delivered,04:50:26,190
1800,1800,Delivered,12:27:39,172
1801,1801,Delivered,17:33:25,47
1802,1802,Cancelled,,175
1803,1803,Delivered,07:18:54,59
1804,1804,Delivered,14:07:57,1
1805,1805,Cancelled,,81
1806,1806,Delivered,16:19:25,147
1807,1807,Delivered,18:58:49,94
1808,1808,Delivered,20:41:44,198
1809,1809,Cancelled,,187
1810,1810,Cancelled,,79
1811,1811,Delivered,01:55:51,19
1812,1812,Delivered,12:39:37,87
1813,1813,Cancelled,,64
1814,1814,Cancelled,,181
1815,1815,Delivered,19:17:17,61
1816,1816,Delivered,21:47:17,195
1817,1817,Delivered,05:06:48,166
1818,1818,Delivered,18:03:45,125
1819,1819,Cancelled,,1
1820,1820,Cancelled,,85
1821,1821,Cancelled,,32
1822,1822,Delivered,01:31:26,42
1823,1823,Delivered,12:16:19,84
1824,1824,Delivered,21:46:51,123
1825,1825,Cancelled,,12
1826,1826,Delivered,17:22:04,27
1827,1827,Delivered,02:49:14,98
1828,1828,Delivered,23:50:49,109
1829,1829,Cancelled,,83
1830,1830,Cancelled,,58
1831,1831,Delivered,18:53:08,65
1832,1832,Cancelled,,79
1833,1833,Delivered,01:22:49,181
1834,1834,Delivered,15:21:17,16
1835,1835,Delivered,21:21:23,169
1836,1836,Delivered,22:20:06,2
1837,1837,Delivered,21:50:27,154
1838,1838,Delivered,21:07:36,28
1839,1839,Cancelled,,17
1840,1840,Cancelled,,166
1841,1841,Cancelled,,26
1842,1842,Cancelled,,5
1843,1843,Delivered,22:49:06,119
1844,1844,Delivered,21:30:02,134
1845,1845,Delivered,09:09:59,128
1846,1846,Delivered,06:56:22,120
1847,1847,Delivered,16:06:53,63
1848,1848,Delivered,21:00:37,199
1849,1849,Delivered,05:18:00,173
1850,1850,Delivered,10:00:30,121
1851,1851,Delivered,14:01:20,172
1852,1852,Delivered,19:14:40,136
1853,1853,Delivered,03:18:42,175
1854,1854,Delivered,13:05:14,194
1855,1855,Cancelled,,137
1856,1856,Cancelled,,177
1857,1857,Delivered,22:09:34,100
1858,1858,Delivered,22:46:29,105
1859,1859,Delivered,00:17:03,140
1860,1860,Delivered,02:46:56,99
1861,1861,Cancelled,,128
1862,1862,Delivered,01:32:29,82
1863,1863,Delivered,06:44:20,139
1864,1864,Delivered,18:45:28,18
1865,1865,Delivered,19:07:15,104
1866,1866,Delivered,09:21:38,99
1867,1867,Delivered,17:31:32,135
1868,1868,Delivered,14:09:48,98
1869,1869,Delivered,18:54:24,166
1870,1870,Delivered,02:07:49,172
1871,1871,Cancelled,,13
1872,1872,Cancelled,,116
1873,1873,Delivered,06:25:12,171
1874,1874,Delivered,01:51:49,116
1875,1875,Delivered,04:24:57,102
1876,1876,Delivered,13:00:26,83
1877,1877,Cancelled,,73
1878,1878,Delivered,12:33:02,35
1879,1879,Cancelled,,66
1880,1880,Cancelled,,23
1881,1881,Cancelled,,83
1882,1882,Delivered,08:33:15,174
1883,1883,Cancelled,,67
1884,1884,Cancelled,,169
1885,1885,Delivered,03:39:39,33
1886,1886,Delivered,03:10:35,116
1887,1887,Delivered,04:18:55,195
1888,1888,Delivered,20:31:22,97
1889,1889,Cancelled,,164
1890,1890,Delivered,14:39:06,29
1891,1891,Delivered,08:54:19,155
1892,1892,Delivered,09:52:27,148
1893,1893,Delivered,03:39:01,19
1894,1894,Delivered,12:12:45,24
1895,1895,Delivered,04:47:54,177
1896,1896,Delivered,19:38:28,82
1897,1897,Delivered,20:07:46,3
1898,1898,Cancelled,,185
1899,1899,Delivered,19:15:10,71
1900,1900,Delivered,22:03:29,56
1901,1901,Cancelled,,36
1902,1902,Delivered,16:31:50,16
1903,1903,Delivered,08:48:56,170
1904,1904,Delivered,03:21:54,9
1905,1905,Delivered,22:32:23,74
1906,1906,Cancelled,,164
1907,1907,Delivered,05:54:42,112
1908,1908,Cancelled,,142
1909,1909,Delivered,20:25:44,78
1910,1910,Cancelled,,179
1911,1911,Delivered,15:33:24,113
1912,1912,Cancelled,,65
1913,1913,Delivered,14:05:52,22
1914,1914,Delivered,21:29:00,74
1915,1915,Delivered,04:02:19,143
1916,1916,Delivered,22:08:29,167
1917,1917,Cancelled,,19
1918,1918,Delivered,04:11:50,25
1919,1919,Delivered,04:06:45,101
1920,1920,Delivered,21:16:17,100
1921,1921,Cancelled,,170
1922,1922,Delivered,09:35:55,7
1923,1923,Delivered,22:31:18,14
1924,1924,Delivered,23:06:36,180
1925,1925,Delivered,00:54:44,2
1926,1926,Delivered,02:05:20,14
1927,1927,Delivered,04:18:24,16
1928,1928,Cancelled,,153
1929,1929,Delivered,01:35:47,24
1930,1930,Cancelled,,146
1931,1931,Cancelled,,30
1932,1932,Delivered,21:00:18,112
1933,1933,Delivered,22:42:54,138
1934,1934,Delivered,19:08:42,124
1935,1935,Cancelled,,64
1936,1936,Delivered,22:20:35,87
1937,1937,Cancelled,,19
1938,1938,Cancelled,,170
1939,1939,Delivered,12:58:56,178
1940,1940,Delivered,09:59:29,73
1941,1941,Cancelled,,126
1942,1942,Delivered,05:09:25,136
1943,1943,Delivered,03:18:19,143
1944,1944,Cancelled,,79
1945,1945,Delivered,06:02:16,83
1946,1946,Delivered,16:43:49,10
1947,1947,Delivered,13:34:13,176
1948,1948,Cancelled,,72
1949,1949,Cancelled,,20
1950,1950,Delivered,20:03:00,167
1951,1951,Delivered,17:42:43,10
1952,1952,Delivered,20:04:19,51
1953,1953,Delivered,08:43:36,8
1954,1954,Cancelled,,12
1955,1955,Delivered,20:13:50,12
1956,1956,Delivered,18:17:42,163
1957,1957,Delivered,13:47:24,96
1958,1958,Delivered,09:02:59,144
1959,1959,Delivered,00:09:57,71
1960,1960,Delivered,00:04:21,96
1961,1961,Delivered,14:17:55,107
1962,1962,Delivered,17:31:45,84
1963,1963,Cancelled,,1
1964,1964,Delivered,10:43:51,150
1965,1965,Delivered,15:33:40,169
1966,1966,Cancelled,,120
1967,1967,Delivered,07:16:59,79
1968,1968,Delivered,06:23:40,144
1969,1969,Delivered,10:55:13,120
1970,1970,Delivered,11:03:07,165
1971,1971,Delivered,06:00:09,192
1972,1972,Delivered,10:10:15,180
1973,1973,Delivered,11:09:00,141
1974,1974,Delivered,23:27:52,192
1975,1975,Cancelled,,5
1976,1976,Delivered,11:07:02,113
1977,1977,Cancelled,,29
1978,1978,Delivered,11:01:10,50
1979,1979,Delivered,13:36:37,192
1980,1980,Cancelled,,161
1981,1981,Delivered,00:43:31,68
1982,1982,Delivered,10:17:19,46
1983,1983,Delivered,13:20:14,78
1984,1984,Delivered,19:10:32,114
1985,1985,Delivered,01:41:15,119
1986,1986,Delivered,16:29:06,167
1987,1987,Delivered,20:59:03,7
1988,1988,Delivered,06:57:11,103
1989,1989,Delivered,14:56:23,55
1990,1990,Delivered,12:34:31,42
1991,1991,Cancelled,,61
1992,1992,Delivered,08:45:03,127
1993,1993,Delivered,07:48:25,185
1994,1994,Delivered,21:04:52,88
1995,1995,Delivered,15:18:10,29
1996,1996,Delivered,18:09:35,197
1997,1997,Delivered,02:14:06,75
1998,1998,Cancelled,,185
1999,1999,Delivered,23:02:48,58
2000,2000,Delivered,04:04:08,136
